"","Package","LibPath","Version","Priority","Depends","Imports","LinkingTo","Suggests","Enhances","License","License_is_FOSS","License_restricts_use","OS_type","MD5sum","NeedsCompilation","Built"
"askpass","askpass","/usr/local/lib/R/4.0/site-library","1.1",NA,NA,"sys (>= 2.1)",NA,"testthat",NA,"MIT + file LICENSE",NA,NA,NA,NA,"yes","4.0.4"
"assertthat","assertthat","/usr/local/lib/R/4.0/site-library","0.2.1",NA,NA,"tools",NA,"testthat, covr",NA,"GPL-3",NA,NA,NA,NA,"no","4.0.2"
"base64enc","base64enc","/usr/local/lib/R/4.0/site-library","0.1-3",NA,"R (>= 2.9.0)",NA,NA,NA,"png","GPL-2 | GPL-3",NA,NA,NA,NA,"yes","4.0.2"
"BH","BH","/usr/local/lib/R/4.0/site-library","1.75.0-0",NA,NA,NA,NA,NA,NA,"BSL-1.0",NA,NA,NA,NA,"no","4.0.4"
"BiocManager","BiocManager","/usr/local/lib/R/4.0/site-library","1.30.12",NA,NA,"utils",NA,"BiocVersion, remotes, rmarkdown, testthat, withr, curl, knitr",NA,"Artistic-2.0",NA,NA,NA,NA,"no","4.0.4"
"brew","brew","/usr/local/lib/R/4.0/site-library","1.0-6",NA,NA,NA,NA,NA,NA,"GPL-2",NA,NA,NA,NA,NA,"4.0.4"
"brio","brio","/usr/local/lib/R/4.0/site-library","1.1.1",NA,NA,NA,NA,"testthat (>= 2.1.0), covr",NA,"MIT + file LICENSE",NA,NA,NA,NA,"yes","4.0.4"
"cachem","cachem","/usr/local/lib/R/4.0/site-library","1.0.4",NA,NA,"rlang, fastmap",NA,"testthat",NA,"MIT + file LICENSE",NA,NA,NA,NA,"yes","4.0.4"
"callr","callr","/usr/local/lib/R/4.0/site-library","3.6.0",NA,NA,"processx (>= 3.5.0), R6, utils",NA,"cli, covr, crayon, fansi, pingr, ps, rprojroot, spelling,
testthat, tibble, withr (>= 2.3.0)",NA,"MIT + file LICENSE",NA,NA,NA,NA,"no","4.0.4"
"cli","cli","/usr/local/lib/R/4.0/site-library","2.4.0",NA,"R (>= 2.10)","glue, methods, utils",NA,"callr, covr, grDevices, htmlwidgets, knitr, mockery, ps (>=
1.3.4.9000), rmarkdown, rstudioapi, prettycode (>= 1.1.0),
testthat, withr",NA,"MIT + file LICENSE",NA,NA,NA,NA,"no","4.0.4"
"clipr","clipr","/usr/local/lib/R/4.0/site-library","0.7.1",NA,NA,"utils",NA,"covr, knitr, rmarkdown, rstudioapi (>= 0.5), testthat (>=
2.0.0)",NA,"GPL-3",NA,NA,NA,NA,"no","4.0.4"
"clisymbols","clisymbols","/usr/local/lib/R/4.0/site-library","1.2.0",NA,NA,NA,NA,"testthat",NA,"MIT + file LICENSE",NA,NA,NA,NA,"no","4.0.4"
"colorspace","colorspace","/usr/local/lib/R/4.0/site-library","2.0-0",NA,"R (>= 3.0.0), methods","graphics, grDevices, stats",NA,"datasets, utils, KernSmooth, MASS, kernlab, mvtnorm, vcd,
tcltk, shiny, shinyjs, ggplot2, dplyr, scales, grid, png, jpeg,
knitr, rmarkdown, RColorBrewer, rcartocolor, scico, viridis,
wesanderson",NA,"BSD_3_clause + file LICENSE",NA,NA,NA,NA,"yes","4.0.2"
"commonmark","commonmark","/usr/local/lib/R/4.0/site-library","1.7",NA,NA,NA,NA,"curl, testthat, xml2",NA,"BSD_2_clause + file LICENSE",NA,NA,NA,NA,"yes","4.0.4"
"covr","covr","/usr/local/lib/R/4.0/site-library","3.5.1",NA,"R (>= 3.1.0), methods","digest, stats, utils, jsonlite, rex, httr, crayon, withr (>=
1.0.2), yaml",NA,"R6, curl, knitr, rmarkdown, htmltools, DT (>= 0.2), testthat,
rlang, rstudioapi (>= 0.2), xml2 (>= 1.0.0), parallel, memoise,
mockery",NA,"GPL-3",NA,NA,NA,NA,"yes","4.0.4"
"cpp11","cpp11","/usr/local/lib/R/4.0/site-library","0.2.7",NA,NA,NA,NA,"bench, brio, callr, cli, covr, decor, desc, ggplot2, glue,
knitr, lobstr, mockery, progress, rmarkdown, scales, testthat,
tibble, utils, vctrs, withr",NA,"MIT + file LICENSE",NA,NA,NA,NA,"no","4.0.4"
"crayon","crayon","/usr/local/lib/R/4.0/site-library","1.4.1",NA,NA,"grDevices, methods, utils",NA,"mockery, rstudioapi, testthat, withr",NA,"MIT + file LICENSE",NA,NA,NA,NA,"no","4.0.2"
"credentials","credentials","/usr/local/lib/R/4.0/site-library","1.3.0",NA,NA,"openssl (>= 1.3), sys (>= 2.1), curl, jsonlite, askpass",NA,"testthat, knitr, rmarkdown",NA,"MIT + file LICENSE",NA,NA,NA,NA,"no","4.0.4"
"crosstalk","crosstalk","/usr/local/lib/R/4.0/site-library","1.1.1",NA,NA,"htmltools (>= 0.3.6), jsonlite, lazyeval, R6",NA,"shiny, ggplot2, testthat (>= 2.1.0)",NA,"MIT + file LICENSE",NA,NA,NA,NA,"no","4.0.4"
"curl","curl","/usr/local/lib/R/4.0/site-library","4.3",NA,"R (>= 3.0.0)",NA,NA,"spelling, testthat (>= 1.0.0), knitr, jsonlite, rmarkdown,
magrittr, httpuv (>= 1.4.4), webutils",NA,"MIT + file LICENSE",NA,NA,NA,NA,"yes","4.0.4"
"cyclocomp","cyclocomp","/usr/local/lib/R/4.0/site-library","1.1.0",NA,NA,"callr, crayon, desc, remotes, withr",NA,"testthat",NA,"MIT + file LICENSE",NA,NA,NA,NA,"no","4.0.4"
"desc","desc","/usr/local/lib/R/4.0/site-library","1.3.0",NA,"R (>= 3.1.0)","utils, R6, crayon, rprojroot",NA,"covr, testthat, whoami, withr, spelling, gh",NA,"MIT + file LICENSE",NA,NA,NA,NA,"no","4.0.4"
"devtools","devtools","/usr/local/lib/R/4.0/site-library","2.4.0",NA,"R (>= 3.0.2), usethis (>= 2.0.1)","callr (>= 3.6.0), cli (>= 2.4.0), desc (>= 1.3.0), ellipsis
(>= 0.3.1), fs (>= 1.5.0), httr (>= 1.4.2), jsonlite (>=
1.7.2), lifecycle (>= 1.0.0), memoise (>= 2.0.0), pkgbuild (>=
1.2.0), pkgload (>= 1.2.1), rcmdcheck (>= 1.3.3), remotes (>=
2.3.0), rlang (>= 0.4.10), roxygen2 (>= 7.1.1), rstudioapi (>=
0.13), rversions (>= 2.0.2), sessioninfo (>= 1.1.1), stats,
testthat (>= 3.0.2), tools, utils, withr (>= 2.4.1)",NA,"BiocManager (>= 1.30.12), covr (>= 3.5.1), curl (>= 4.3),
digest (>= 0.6.27), DT (>= 0.17), foghorn (>= 1.3.2), gh (>=
1.2.1), gmailr (>= 1.0.0), knitr (>= 1.31), lintr (>= 2.0.1),
MASS, mockery (>= 0.4.2), pingr (>= 2.0.1), pkgdown (>= 1.6.1),
rhub (>= 1.1.1), rmarkdown (>= 2.7), spelling (>= 2.2)",NA,"MIT + file LICENSE",NA,NA,NA,NA,"no","4.0.4"
"diffobj","diffobj","/usr/local/lib/R/4.0/site-library","0.3.4",NA,"R (>= 3.1.0)","crayon (>= 1.3.2), tools, methods, utils, stats",NA,"knitr, rmarkdown",NA,"GPL (>= 2)",NA,NA,NA,NA,"yes","4.0.4"
"digest","digest","/usr/local/lib/R/4.0/site-library","0.6.27",NA,"R (>= 3.3.0)","utils",NA,"tinytest, knitr, rmarkdown, minidown",NA,"GPL (>= 2)",NA,NA,NA,NA,"yes","4.0.2"
"downlit","downlit","/usr/local/lib/R/4.0/site-library","0.2.1",NA,"R (>= 3.2.0)","brio, digest, evaluate, fansi, rlang, vctrs, yaml",NA,"rmarkdown, jsonlite, MASS, testthat (>= 3.0.0), covr,
pkgload, xml2",NA,"MIT + file LICENSE",NA,NA,NA,NA,"no","4.0.4"
"DT","DT","/usr/local/lib/R/4.0/site-library","0.17",NA,NA,"htmltools (>= 0.3.6), htmlwidgets (>= 1.3), jsonlite (>=
0.9.16), magrittr, crosstalk, promises",NA,"knitr (>= 1.8), rmarkdown, shiny (>= 1.2.0), testit",NA,"GPL-3 | file LICENSE",NA,NA,NA,NA,"no","4.0.4"
"ellipsis","ellipsis","/usr/local/lib/R/4.0/site-library","0.3.1",NA,"R (>= 3.2)","rlang (>= 0.3.0)",NA,"covr, testthat",NA,"GPL-3",NA,NA,NA,NA,"yes","4.0.2"
"evaluate","evaluate","/usr/local/lib/R/4.0/site-library","0.14",NA,"R (>= 3.0.2)","methods",NA,"testthat, lattice, ggplot2",NA,"MIT + file LICENSE",NA,NA,NA,NA,"no","4.0.1"
"fansi","fansi","/usr/local/lib/R/4.0/site-library","0.4.2",NA,"R (>= 3.1.0)",NA,NA,"unitizer, knitr, rmarkdown",NA,"GPL (>= 2)",NA,NA,NA,NA,"yes","4.0.2"
"farver","farver","/usr/local/lib/R/4.0/site-library","2.1.0",NA,NA,NA,NA,"testthat (>= 2.1.0), covr",NA,"MIT + file LICENSE",NA,NA,NA,NA,"yes","4.0.2"
"fastmap","fastmap","/usr/local/lib/R/4.0/site-library","1.1.0",NA,NA,NA,NA,"testthat (>= 2.1.1)",NA,"MIT + file LICENSE",NA,NA,NA,NA,"yes","4.0.4"
"foghorn","foghorn","/usr/local/lib/R/4.0/site-library","1.3.2",NA,"R (>= 3.1.0)","clisymbols (>= 1.0.0), crayon (>= 1.3.2), curl (>= 2.2), httr
(>= 1.2.1), jsonlite (>= 1.5), rlang (>= 0.4.3), rvest (>=
0.3.2), tibble (>= 1.2), xml2 (>= 1.0.0)",NA,"covr, dplyr, knitr, progress, rmarkdown, testthat",NA,"MIT + file LICENSE",NA,NA,NA,NA,"no","4.0.4"
"fs","fs","/usr/local/lib/R/4.0/site-library","1.5.0",NA,"R (>= 3.1)","methods",NA,"testthat, covr, pillar (>= 1.0.0), tibble (>= 1.1.0), crayon,
rmarkdown, knitr, withr, spelling, vctrs (>= 0.3.0)",NA,"GPL-3",NA,NA,NA,NA,"yes","4.0.4"
"gargle","gargle","/usr/local/lib/R/4.0/site-library","1.1.0",NA,"R (>= 3.3)","cli (>= 2.3.1), fs (>= 1.3.1), glue (>= 1.3.0), httr (>=
1.4.0), jsonlite, rappdirs, rlang (>= 0.4.9), rstudioapi,
stats, withr",NA,"covr, httpuv, knitr, mockr, rmarkdown, sodium, spelling,
testthat (>= 3.0.0)",NA,"MIT + file LICENSE",NA,NA,NA,NA,"no","4.0.4"
"gert","gert","/usr/local/lib/R/4.0/site-library","1.3.0",NA,NA,"askpass, credentials (>= 1.2.1), openssl (>= 1.4.1),
rstudioapi (>= 0.11), sys, zip (>= 2.1.0)",NA,"spelling, knitr, rmarkdown, testthat",NA,"MIT + file LICENSE",NA,NA,NA,NA,"yes","4.0.4"
"ggplot2","ggplot2","/usr/local/lib/R/4.0/site-library","3.3.3",NA,"R (>= 3.2)","digest, glue, grDevices, grid, gtable (>= 0.1.1), isoband,
MASS, mgcv, rlang (>= 0.3.0), scales (>= 0.5.0), stats, tibble,
withr (>= 2.0.0)",NA,"covr, dplyr, ggplot2movies, hexbin, Hmisc, knitr, lattice,
mapproj, maps, maptools, multcomp, munsell, nlme, profvis,
quantreg, RColorBrewer, rgeos, rmarkdown, rpart, sf (>= 0.7-3),
svglite (>= 1.2.0.9001), testthat (>= 2.1.0), vdiffr (>= 0.3.0)","sp","MIT + file LICENSE",NA,NA,NA,NA,"no","4.0.2"
"gh","gh","/usr/local/lib/R/4.0/site-library","1.2.1",NA,NA,"cli (>= 2.0.1), gitcreds, httr (>= 1.2), ini, jsonlite",NA,"covr, knitr, rmarkdown, rprojroot, spelling, testthat (>=
2.3.2), withr",NA,"MIT + file LICENSE",NA,NA,NA,NA,"no","4.0.4"
"gitcreds","gitcreds","/usr/local/lib/R/4.0/site-library","0.1.1",NA,NA,NA,NA,"codetools, testthat, knitr, mockery, oskeyring, rmarkdown,
withr",NA,"MIT + file LICENSE",NA,NA,NA,NA,"no","4.0.4"
"glue","glue","/usr/local/lib/R/4.0/site-library","1.4.2",NA,"R (>= 3.2)","methods",NA,"testthat, covr, magrittr, crayon, knitr, rmarkdown, DBI,
RSQLite, R.utils, forcats, microbenchmark, rprintf, stringr,
ggplot2, dplyr, withr, vctrs (>= 0.3.0)",NA,"MIT + file LICENSE",NA,NA,NA,NA,"yes","4.0.2"
"gmailr","gmailr","/usr/local/lib/R/4.0/site-library","1.0.0",NA,"R (>= 3.0.0)","base64enc, crayon, gargle, httr, jsonlite, lifecycle,
magrittr, mime, rematch2",NA,"covr, knitr, methods, sodium, rmarkdown, testthat, xml2",NA,"MIT + file LICENSE",NA,NA,NA,NA,"no","4.0.4"
"googledrive","googledrive","/usr/local/lib/R/4.0/site-library","1.0.1",NA,"R (>= 3.2)","curl (>= 2.8.1), gargle (>= 0.3.1), glue (>= 1.2.0), httr,
jsonlite, magrittr, purrr (>= 0.2.3), rlang (>= 0.3.1), tibble
(>= 2.0.0), utils, uuid",NA,"covr, dplyr, knitr, rmarkdown, roxygen2, sodium, spelling,
testthat (>= 2.1.1)",NA,"MIT + file LICENSE",NA,NA,NA,NA,"no","4.0.4"
"gtable","gtable","/usr/local/lib/R/4.0/site-library","0.3.0",NA,"R (>= 3.0)","grid",NA,"covr, testthat, knitr, rmarkdown, ggplot2, profvis",NA,"GPL-2",NA,NA,NA,NA,"no","4.0.2"
"highr","highr","/usr/local/lib/R/4.0/site-library","0.8",NA,"R (>= 3.2.3)",NA,NA,"knitr, testit",NA,"GPL",NA,NA,NA,NA,"no","4.0.2"
"htmltools","htmltools","/usr/local/lib/R/4.0/site-library","0.5.1.1",NA,"R (>= 2.14.1)","utils, digest, grDevices, base64enc, rlang",NA,"markdown, testthat, withr, Cairo, ragg, shiny","knitr","GPL (>= 2)",NA,NA,NA,NA,"yes","4.0.2"
"htmlwidgets","htmlwidgets","/usr/local/lib/R/4.0/site-library","1.5.3",NA,NA,"grDevices, htmltools (>= 0.3), jsonlite (>= 0.9.16), yaml",NA,"knitr (>= 1.8), rmarkdown, testthat","shiny (>= 1.1)","MIT + file LICENSE",NA,NA,NA,NA,"no","4.0.4"
"httpuv","httpuv","/usr/local/lib/R/4.0/site-library","1.5.5",NA,"R (>= 2.15.1)","Rcpp (>= 0.11.0), utils, R6, promises, later (>= 0.8.0)","Rcpp, BH, later","testthat, callr, curl, websocket",NA,"GPL (>= 2) | file LICENSE",NA,NA,NA,NA,"yes","4.0.4"
"httr","httr","/usr/local/lib/R/4.0/site-library","1.4.2",NA,"R (>= 3.2)","curl (>= 3.0.0), jsonlite, mime, openssl (>= 0.8), R6",NA,"covr, httpuv, jpeg, knitr, png, readr, rmarkdown, testthat
(>= 0.8.0), xml2",NA,"MIT + file LICENSE",NA,NA,NA,NA,"no","4.0.4"
"hunspell","hunspell","/usr/local/lib/R/4.0/site-library","3.0.1",NA,"R (>= 3.0.2)","Rcpp, digest","Rcpp (>= 0.12.12)","spelling, testthat, pdftools, janeaustenr, wordcloud2, knitr,
stopwords, rmarkdown",NA,"GPL-2 | LGPL-2.1 | MPL-1.1",NA,NA,NA,NA,"yes","4.0.4"
"ini","ini","/usr/local/lib/R/4.0/site-library","0.3.1",NA,NA,NA,NA,"testthat",NA,"GPL-3",NA,NA,NA,NA,"no","4.0.4"
"isoband","isoband","/usr/local/lib/R/4.0/site-library","0.2.4",NA,NA,"grid, utils",NA,"covr, ggplot2, knitr, magick, microbenchmark, rmarkdown, sf,
testthat, xml2",NA,"MIT + file LICENSE",NA,NA,NA,NA,"yes","4.0.2"
"jsonlite","jsonlite","/usr/local/lib/R/4.0/site-library","1.7.2",NA,"methods",NA,NA,"httr, curl, plyr, testthat, knitr, rmarkdown, R.rsp, sf",NA,"MIT + file LICENSE",NA,NA,NA,NA,"yes","4.0.2"
"knitr","knitr","/usr/local/lib/R/4.0/site-library","1.31",NA,"R (>= 3.2.3)","evaluate (>= 0.10), highr, methods, markdown, stringr (>=
0.6), yaml (>= 2.1.19), xfun (>= 0.19), tools",NA,"formatR, testit, digest, rgl (>= 0.95.1201), codetools,
rmarkdown, htmlwidgets (>= 0.7), webshot, tikzDevice (>= 0.10),
tinytex, reticulate (>= 1.4), JuliaCall (>= 0.11.1), magick,
png, jpeg, gifski, xml2 (>= 1.2.0), httr, DBI (>= 0.4-1),
showtext, tibble, sass, ragg, styler (>= 1.2.0)",NA,"GPL",NA,NA,NA,NA,"no","4.0.2"
"labeling","labeling","/usr/local/lib/R/4.0/site-library","0.4.2",NA,NA,"stats, graphics",NA,NA,NA,"MIT + file LICENSE | Unlimited",NA,NA,NA,NA,"no","4.0.2"
"later","later","/usr/local/lib/R/4.0/site-library","1.1.0.1",NA,NA,"Rcpp (>= 0.12.9), rlang","Rcpp, BH","knitr, rmarkdown, testthat",NA,"GPL (>= 2)",NA,NA,NA,NA,"yes","4.0.4"
"lazyeval","lazyeval","/usr/local/lib/R/4.0/site-library","0.2.2",NA,"R (>= 3.1.0)",NA,NA,"knitr, rmarkdown (>= 0.2.65), testthat, covr",NA,"GPL-3",NA,NA,NA,NA,"yes","4.0.4"
"lifecycle","lifecycle","/usr/local/lib/R/4.0/site-library","1.0.0",NA,"R (>= 3.3)","glue, rlang (>= 0.4.10)",NA,"covr, crayon, knitr, rmarkdown, testthat (>= 3.0.1), tibble",NA,"MIT + file LICENSE",NA,NA,NA,NA,"no","4.0.2"
"lintr","lintr","/usr/local/lib/R/4.0/site-library","2.0.1",NA,"R (>= 3.2)","rex, crayon, codetools, cyclocomp, testthat (>= 2.2.1),
digest, rstudioapi (>= 0.2), httr (>= 1.2.1), jsonlite, knitr,
stats, utils, xml2 (>= 1.0.0), xmlparsedata (>= 1.0.3)",NA,"rmarkdown, mockery",NA,"MIT + file LICENSE",NA,NA,NA,NA,"no","4.0.4"
"magrittr","magrittr","/usr/local/lib/R/4.0/site-library","2.0.1",NA,NA,NA,NA,"covr, knitr, rlang, rmarkdown, testthat",NA,"MIT + file LICENSE",NA,NA,NA,NA,"yes","4.0.2"
"markdown","markdown","/usr/local/lib/R/4.0/site-library","1.1",NA,"R (>= 2.11.1)","utils, xfun, mime (>= 0.3)",NA,"knitr, RCurl",NA,"GPL-2",NA,NA,NA,NA,"yes","4.0.2"
"markdrive","markdrive","/usr/local/lib/R/4.0/site-library","0.0.2.900",NA,"R (>= 3.3.1)","googledrive, magrittr",NA,"rmarkdown, rstudioapi",NA,"What license is it under?",NA,NA,NA,NA,"no","4.0.4"
"memoise","memoise","/usr/local/lib/R/4.0/site-library","2.0.0",NA,NA,"rlang (>= 0.4.10), cachem",NA,"digest, aws.s3, covr, googleAuthR, googleCloudStorageR, httr,
testthat",NA,"MIT + file LICENSE",NA,NA,NA,NA,"no","4.0.4"
"mime","mime","/usr/local/lib/R/4.0/site-library","0.10",NA,NA,"tools",NA,NA,NA,"GPL",NA,NA,NA,NA,"yes","4.0.2"
"mockery","mockery","/usr/local/lib/R/4.0/site-library","0.4.2",NA,NA,"testthat",NA,"knitr, rmarkdown (>= 1.0), R6",NA,"MIT + file LICENSE",NA,NA,NA,NA,"no","4.0.4"
"munsell","munsell","/usr/local/lib/R/4.0/site-library","0.5.0",NA,NA,"colorspace, methods",NA,"ggplot2, testthat",NA,"MIT + file LICENSE",NA,NA,NA,NA,"no","4.0.2"
"openssl","openssl","/usr/local/lib/R/4.0/site-library","1.4.3",NA,NA,"askpass",NA,"testthat (>= 2.1.0), digest, knitr, rmarkdown, jsonlite,
jose, sodium",NA,"MIT + file LICENSE",NA,NA,NA,NA,"yes","4.0.4"
"parsedate","parsedate","/usr/local/lib/R/4.0/site-library","1.2.0",NA,NA,"rematch2",NA,"covr, testthat, withr",NA,"GPL-2",NA,NA,NA,NA,"yes","4.0.4"
"pillar","pillar","/usr/local/lib/R/4.0/site-library","1.5.1",NA,NA,"cli, crayon (>= 1.3.4), ellipsis, fansi, lifecycle, rlang (>=
0.3.0), utf8 (>= 1.1.0), utils, vctrs (>= 0.2.0)",NA,"bit64, debugme, DiagrammeR, knitr, lubridate, nycflights13,
palmerpenguins, rmarkdown, survival, testthat (>= 3.0.2),
tibble, withr",NA,"MIT + file LICENSE",NA,NA,NA,NA,"no","4.0.2"
"pingr","pingr","/usr/local/lib/R/4.0/site-library","2.0.1",NA,NA,"processx, utils",NA,"covr, testthat",NA,"MIT + file LICENSE",NA,NA,NA,NA,"yes","4.0.4"
"pkgbuild","pkgbuild","/usr/local/lib/R/4.0/site-library","1.2.0",NA,"R (>= 3.1)","callr (>= 3.2.0), cli, crayon, desc, prettyunits, R6,
rprojroot, withr (>= 2.1.2)",NA,"Rcpp, cpp11, testthat, covr",NA,"MIT + file LICENSE",NA,NA,NA,NA,"no","4.0.4"
"pkgconfig","pkgconfig","/usr/local/lib/R/4.0/site-library","2.0.3",NA,NA,"utils",NA,"covr, testthat, disposables (>= 1.0.3)",NA,"MIT + file LICENSE",NA,NA,NA,NA,"no","4.0.2"
"pkgdown","pkgdown","/usr/local/lib/R/4.0/site-library","1.6.1",NA,"R (>= 3.1.0)","callr (>= 2.0.2), crayon, desc, digest, downlit, fs (>=
1.3.0), httr (>= 1.4.2), magrittr, memoise, openssl, purrr,
ragg, rematch2, rlang (>= 0.3.0), rmarkdown (>= 1.1.9007),
tibble, tools, whisker, withr, xml2 (>= 1.3.1), yaml",NA,"covr, htmlwidgets, jsonlite, knitr, leaflet, pkgload (>=
1.0.2), testthat (>= 2.1.0), rticles, rsconnect, rstudioapi",NA,"MIT + file LICENSE",NA,NA,NA,NA,"no","4.0.4"
"pkgload","pkgload","/usr/local/lib/R/4.0/site-library","1.2.1",NA,NA,"cli, crayon, desc, methods, rlang, rprojroot, rstudioapi,
utils, withr",NA,"bitops, covr, pkgbuild, Rcpp, testthat",NA,"GPL-3",NA,NA,NA,NA,"yes","4.0.4"
"praise","praise","/usr/local/lib/R/4.0/site-library","1.0.0",NA,NA,NA,NA,"testthat",NA,"MIT + file LICENSE",NA,NA,NA,NA,"no","4.0.4"
"prettyunits","prettyunits","/usr/local/lib/R/4.0/site-library","1.1.1",NA,NA,NA,NA,"codetools, covr, testthat",NA,"MIT + file LICENSE",NA,NA,NA,NA,"no","4.0.4"
"processx","processx","/usr/local/lib/R/4.0/site-library","3.5.1",NA,NA,"ps (>= 1.2.0), R6, utils",NA,"callr (>= 3.2.0), cli, codetools, covr, curl, debugme,
parallel, testthat, withr",NA,"MIT + file LICENSE",NA,NA,NA,NA,"yes","4.0.4"
"promises","promises","/usr/local/lib/R/4.0/site-library","1.2.0.1",NA,NA,"R6, Rcpp, later, rlang, stats, magrittr","later, Rcpp","testthat, future (>= 1.21.0), fastmap (>= 1.1.0), purrr,
knitr, rmarkdown, vembedr, spelling",NA,"MIT + file LICENSE",NA,NA,NA,NA,"yes","4.0.4"
"ps","ps","/usr/local/lib/R/4.0/site-library","1.6.0",NA,"R (>= 3.1)","utils",NA,"callr, covr, curl, pingr, processx (>= 3.1.0), R6, rlang,
testthat, tibble",NA,"MIT + file LICENSE",NA,NA,NA,NA,"yes","4.0.4"
"purrr","purrr","/usr/local/lib/R/4.0/site-library","0.3.4",NA,"R (>= 3.2)","magrittr (>= 1.5), rlang (>= 0.3.1)",NA,"covr, crayon, dplyr (>= 0.7.8), knitr, rmarkdown, testthat,
tibble, tidyselect",NA,"GPL-3 | file LICENSE",NA,NA,NA,NA,"yes","4.0.4"
"R6","R6","/usr/local/lib/R/4.0/site-library","2.5.0",NA,"R (>= 3.0)",NA,NA,"knitr, microbenchmark, pryr, testthat, ggplot2, scales",NA,"MIT + file LICENSE",NA,NA,NA,NA,"no","4.0.2"
"ragg","ragg","/usr/local/lib/R/4.0/site-library","1.1.2",NA,NA,"systemfonts (>= 1.0.0), textshaping (>= 0.3.0)","systemfonts, textshaping","covr, testthat, grid, graphics",NA,"MIT + file LICENSE",NA,NA,NA,NA,"yes","4.0.4"
"rappdirs","rappdirs","/usr/local/lib/R/4.0/site-library","0.3.3",NA,"R (>= 3.2)",NA,NA,"roxygen2, testthat (>= 3.0.0), covr, withr",NA,"MIT + file LICENSE",NA,NA,NA,NA,"yes","4.0.4"
"rcmdcheck","rcmdcheck","/usr/local/lib/R/4.0/site-library","1.3.3",NA,NA,"callr (>= 3.1.1.9000), cli (>= 1.1.0), crayon, desc (>=
1.2.0), digest, pkgbuild, prettyunits, R6, rprojroot,
sessioninfo (>= 1.1.1), utils, withr, xopen",NA,"covr, knitr, mockery, rmarkdown, testthat",NA,"MIT + file LICENSE",NA,NA,NA,NA,"no","4.0.4"
"RColorBrewer","RColorBrewer","/usr/local/lib/R/4.0/site-library","1.1-2",NA,"R (>= 2.0.0)",NA,NA,NA,NA,"Apache License 2.0",NA,NA,NA,NA,"no","4.0.2"
"Rcpp","Rcpp","/usr/local/lib/R/4.0/site-library","1.0.6",NA,NA,"methods, utils",NA,"tinytest, inline, rbenchmark, pkgKitten (>= 0.1.2)",NA,"GPL (>= 2)",NA,NA,NA,NA,"yes","4.0.4"
"rematch","rematch","/usr/local/lib/R/4.0/site-library","1.0.1",NA,NA,NA,NA,"covr, testthat",NA,"MIT + file LICENSE",NA,NA,NA,NA,"no","4.0.4"
"rematch2","rematch2","/usr/local/lib/R/4.0/site-library","2.1.2",NA,NA,"tibble",NA,"covr, testthat",NA,"MIT + file LICENSE",NA,NA,NA,NA,"no","4.0.4"
"remotes","remotes","/usr/local/lib/R/4.0/site-library","2.3.0",NA,"R (>= 3.0.0)","methods, stats, tools, utils",NA,"brew, callr, codetools, curl, covr, git2r (>= 0.23.0), knitr,
mockery, pkgbuild (>= 1.0.1), pingr, rmarkdown, rprojroot,
testthat, webfakes, withr",NA,"GPL (>= 2)",NA,NA,NA,NA,"no","4.0.4"
"rex","rex","/usr/local/lib/R/4.0/site-library","1.2.0",NA,NA,"lazyeval",NA,"testthat, knitr, rmarkdown, dplyr, ggplot2, magrittr, Hmisc,
stringr, rvest, roxygen2, covr",NA,"MIT + file LICENSE",NA,NA,NA,NA,"no","4.0.4"
"rhub","rhub","/usr/local/lib/R/4.0/site-library","1.1.1",NA,NA,"assertthat, callr, cli (>= 1.1.0), crayon, desc, digest, httr,
jsonlite, parsedate, pillar, prettyunits, processx, R6,
rappdirs, rcmdcheck (>= 1.2.1), rematch, tibble, utils, uuid,
whoami, withr",NA,"covr, testthat, knitr, rmarkdown",NA,"MIT + file LICENSE",NA,NA,NA,NA,"no","4.0.4"
"rlang","rlang","/usr/local/lib/R/4.0/site-library","0.4.10",NA,"R (>= 3.3.0)","utils",NA,"cli, covr, crayon, glue, magrittr, methods, pak, pillar,
rmarkdown, testthat (>= 3.0.0), vctrs (>= 0.2.3), withr","winch","MIT + file LICENSE",NA,NA,NA,NA,"yes","4.0.2"
"rmarkdown","rmarkdown","/usr/local/lib/R/4.0/site-library","2.7",NA,"R (>= 3.0)","tools, utils, knitr (>= 1.22), yaml (>= 2.1.19), htmltools (>=
0.3.5), evaluate (>= 0.13), jsonlite, tinytex (>= 0.11), xfun
(>= 0.15), methods, stringr (>= 1.2.0)",NA,"shiny (>= 1.6.0), tufte, testthat (>= 3.0.0), digest,
dygraphs, vctrs, tibble, fs, rsconnect, withr (>= 2.3.0), bslib
(>= 0.2.4), sass",NA,"GPL-3",NA,NA,NA,NA,"no","4.0.2"
"roxygen2","roxygen2","/usr/local/lib/R/4.0/site-library","7.1.1",NA,"R (>= 3.2)","brew, commonmark, desc (>= 1.2.0), digest, knitr, methods,
pkgload (>= 1.0.2), purrr (>= 0.3.3), R6 (>= 2.1.2), Rcpp (>=
0.11.0), rlang, stringi, stringr (>= 1.0.0), utils, xml2","Rcpp","covr, devtools, rmarkdown, testthat (>= 2.1.0), R.methodsS3,
R.oo",NA,"GPL (>= 2)",NA,NA,NA,NA,"yes","4.0.4"
"rprojroot","rprojroot","/usr/local/lib/R/4.0/site-library","2.0.2",NA,"R (>= 3.0.0)",NA,NA,"covr, knitr, lifecycle, mockr, rmarkdown, testthat (>=
3.0.0), withr",NA,"MIT + file LICENSE",NA,NA,NA,NA,"no","4.0.4"
"rstudioapi","rstudioapi","/usr/local/lib/R/4.0/site-library","0.13",NA,NA,NA,NA,"testthat, knitr, rmarkdown, clipr",NA,"MIT + file LICENSE",NA,NA,NA,NA,"no","4.0.4"
"rversions","rversions","/usr/local/lib/R/4.0/site-library","2.0.2",NA,NA,"curl, utils, xml2 (>= 1.0.0)",NA,"mockery, testthat",NA,"MIT + file LICENSE",NA,NA,NA,NA,"no","4.0.4"
"rvest","rvest","/usr/local/lib/R/4.0/site-library","1.0.0",NA,"R (>= 3.2)","httr (>= 0.5), lifecycle (>= 1.0.0), magrittr, rlang (>=
0.4.10), selectr, tibble, xml2 (>= 1.3)",NA,"covr, glue, knitr, readr, rmarkdown, repurrrsive, spelling,
stringi (>= 0.3.1), testthat (>= 3.0.2), webfakes",NA,"MIT + file LICENSE",NA,NA,NA,NA,"no","4.0.4"
"scales","scales","/usr/local/lib/R/4.0/site-library","1.1.1",NA,"R (>= 3.2)","farver (>= 2.0.3), labeling, lifecycle, munsell (>= 0.5), R6,
RColorBrewer, viridisLite",NA,"bit64, covr, dichromat, ggplot2, hms (>= 0.5.0), testthat (>=
2.1.0)",NA,"MIT + file LICENSE",NA,NA,NA,NA,"no","4.0.2"
"selectr","selectr","/usr/local/lib/R/4.0/site-library","0.4-2",NA,"R (>= 3.0)","methods, stringr, R6",NA,"testthat, XML, xml2",NA,"BSD_3_clause + file LICENCE",NA,NA,NA,NA,"no","4.0.4"
"servr","servr","/usr/local/lib/R/4.0/site-library","0.21",NA,"R (>= 3.0.0)","mime (>= 0.2), httpuv (>= 1.5.2), xfun, jsonlite",NA,"tools, later, rstudioapi, knitr (>= 1.9), rmarkdown",NA,"GPL",NA,NA,NA,NA,"no","4.0.4"
"sessioninfo","sessioninfo","/usr/local/lib/R/4.0/site-library","1.1.1",NA,NA,"cli, tools, utils, withr",NA,"callr, covr, mockery, testthat",NA,"GPL-2",NA,NA,NA,NA,"no","4.0.4"
"showtext","showtext","/usr/local/lib/R/4.0/site-library","0.9-2",NA,"sysfonts (>= 0.7.1), showtextdb (>= 2.0)","grDevices",NA,"knitr, rmarkdown, prettydoc, curl, jsonlite",NA,"Apache License (>= 2.0)",NA,NA,NA,NA,"yes","4.0.4"
"showtextdb","showtextdb","/usr/local/lib/R/4.0/site-library","3.0",NA,NA,"sysfonts (>= 0.7), utils",NA,"curl",NA,"Apache License (>= 2.0)",NA,NA,NA,NA,"no","4.0.4"
"spelling","spelling","/usr/local/lib/R/4.0/site-library","2.2",NA,NA,"commonmark, xml2, hunspell (>= 3.0), knitr",NA,"pdftools",NA,"MIT + file LICENSE",NA,NA,NA,NA,"no","4.0.4"
"stevetemplates","stevetemplates","/usr/local/lib/R/4.0/site-library","0.4.0",NA,"R (>= 3.5.0)","rmarkdown",NA,"testthat",NA,"GPL-2",NA,NA,NA,NA,"no","4.0.2"
"stringi","stringi","/usr/local/lib/R/4.0/site-library","1.5.3",NA,"R (>= 2.14)","tools, utils, stats",NA,NA,NA,"file LICENSE",NA,NA,NA,NA,"yes","4.0.2"
"stringr","stringr","/usr/local/lib/R/4.0/site-library","1.4.0",NA,"R (>= 3.1)","glue (>= 1.2.0), magrittr, stringi (>= 1.1.7)",NA,"covr, htmltools, htmlwidgets, knitr, rmarkdown, testthat",NA,"GPL-2 | file LICENSE",NA,NA,NA,NA,"no","4.0.2"
"sys","sys","/usr/local/lib/R/4.0/site-library","3.4",NA,NA,NA,NA,"unix (>= 1.4), spelling, testthat",NA,"MIT + file LICENSE",NA,NA,NA,NA,"yes","4.0.4"
"sysfonts","sysfonts","/usr/local/lib/R/4.0/site-library","0.8.3",NA,NA,NA,NA,"curl, jsonlite",NA,"GPL-2",NA,NA,NA,NA,"yes","4.0.4"
"systemfonts","systemfonts","/usr/local/lib/R/4.0/site-library","1.0.1",NA,"R (>= 3.2.0)",NA,"cpp11 (>= 0.2.1)","testthat (>= 2.1.0), covr, knitr, rmarkdown, tools",NA,"MIT + file LICENSE",NA,NA,NA,NA,"yes","4.0.4"
"testthat","testthat","/usr/local/lib/R/4.0/site-library","3.0.2",NA,"R (>= 3.1)","brio, callr (>= 3.5.1), cli (>= 2.2.0), crayon (>= 1.3.4),
desc, digest, ellipsis (>= 0.2.0), evaluate, jsonlite,
lifecycle, magrittr, methods, pkgload, praise, processx, ps (>=
1.3.4), R6 (>= 2.2.0), rlang (>= 0.4.9), utils, waldo (>=
0.2.4), withr (>= 2.3.0)",NA,"covr, curl (>= 0.9.5), diffviewer (>= 0.1.0), knitr, mockery,
rmarkdown, rstudioapi, shiny, usethis, vctrs (>= 0.1.0), xml2",NA,"MIT + file LICENSE",NA,NA,NA,NA,"yes","4.0.4"
"textshaping","textshaping","/usr/local/lib/R/4.0/site-library","0.3.3",NA,"R (>= 3.2.0)","systemfonts (>= 1.0.0)","cpp11 (>= 0.2.1), systemfonts (>= 1.0.0)","covr, knitr, rmarkdown",NA,"MIT + file LICENSE",NA,NA,NA,NA,"yes","4.0.4"
"tibble","tibble","/usr/local/lib/R/4.0/site-library","3.1.0",NA,"R (>= 3.1.0)","ellipsis (>= 0.2.0), fansi (>= 0.4.0), lifecycle (>= 0.2.0),
magrittr, methods, pillar (>= 1.5.0), pkgconfig, rlang (>=
0.4.3), utils, vctrs (>= 0.3.2)",NA,"bench, bit64, blob, cli, covr, crayon (>= 1.3.4), DiagrammeR,
dplyr, evaluate, formattable, ggplot2, hms, htmltools, import,
knitr, lubridate, mockr, nycflights13, purrr, rmarkdown,
testthat (>= 3.0.2), tidyr, withr",NA,"MIT + file LICENSE",NA,NA,NA,NA,"yes","4.0.2"
"tinytex","tinytex","/usr/local/lib/R/4.0/site-library","0.30",NA,NA,"xfun (>= 0.19)",NA,"testit, rstudioapi",NA,"MIT + file LICENSE",NA,NA,NA,NA,"no","4.0.2"
"usethis","usethis","/usr/local/lib/R/4.0/site-library","2.0.1",NA,"R (>= 3.2)","cli, clipr (>= 0.3.0), crayon, curl (>= 2.7), desc, fs (>=
1.3.0), gert (>= 1.0.2), gh (>= 1.2.0), glue (>= 1.3.0),
jsonlite, lifecycle, purrr, rappdirs, rlang (>= 0.4.10),
rprojroot (>= 1.2), rstudioapi, stats, utils, whisker, withr
(>= 2.3.0), yaml",NA,"covr, knitr, magick, mockr, rmarkdown, roxygen2, spelling (>=
1.2), styler (>= 1.2.0), testthat (>= 3.0.0)",NA,"MIT + file LICENSE",NA,NA,NA,NA,"no","4.0.4"
"utf8","utf8","/usr/local/lib/R/4.0/site-library","1.2.1",NA,"R (>= 2.10)",NA,NA,"covr, knitr, rlang, rmarkdown, testthat (>= 3.0.0)",NA,"Apache License (== 2.0) | file LICENSE",NA,NA,NA,NA,"yes","4.0.2"
"uuid","uuid","/usr/local/lib/R/4.0/site-library","0.1-4",NA,"R (>= 2.9.0)",NA,NA,NA,NA,"MIT + file LICENSE",NA,NA,NA,NA,"yes","4.0.4"
"vctrs","vctrs","/usr/local/lib/R/4.0/site-library","0.3.7",NA,"R (>= 3.3)","ellipsis (>= 0.2.0), glue, rlang (>= 0.4.10)",NA,"bit64, covr, crayon, dplyr (>= 0.8.5), generics, knitr,
pillar (>= 1.4.4), pkgdown, rmarkdown, testthat (>= 2.3.0),
tibble, withr, xml2, waldo (>= 0.2.0), zeallot",NA,"MIT + file LICENSE",NA,NA,NA,NA,"yes","4.0.4"
"viridisLite","viridisLite","/usr/local/lib/R/4.0/site-library","0.3.0",NA,"R (>= 2.10)",NA,NA,"hexbin (>= 1.27.0), ggplot2 (>= 1.0.1), testthat, covr",NA,"MIT + file LICENSE",NA,NA,NA,NA,"no","4.0.1"
"waldo","waldo","/usr/local/lib/R/4.0/site-library","0.2.5",NA,NA,"cli, diffobj, fansi, glue, methods, rematch2, rlang (>=
0.4.10), tibble",NA,"testthat (>= 3.0.0), covr, R6",NA,"MIT + file LICENSE",NA,NA,NA,NA,"no","4.0.4"
"whisker","whisker","/usr/local/lib/R/4.0/site-library","0.4",NA,NA,NA,NA,"markdown",NA,"GPL-3",NA,NA,NA,NA,"no","4.0.4"
"whoami","whoami","/usr/local/lib/R/4.0/site-library","1.3.0",NA,NA,"httr, jsonlite, utils",NA,"covr, mockery, testthat, withr",NA,"MIT + file LICENSE",NA,NA,NA,NA,"no","4.0.4"
"withr","withr","/usr/local/lib/R/4.0/site-library","2.4.1",NA,"R (>= 3.2.0)","graphics, grDevices, stats",NA,"covr, DBI, knitr, lattice, methods, rmarkdown, RSQLite,
testthat (>= 2.1.0)",NA,"MIT + file LICENSE",NA,NA,NA,NA,"no","4.0.2"
"xaringan","xaringan","/usr/local/lib/R/4.0/site-library","0.20.2",NA,NA,"htmltools, knitr (>= 1.30), servr (>= 0.13), xfun (>= 0.18),
rmarkdown (>= 2.7)",NA,"rstudioapi, testit",NA,"MIT + file LICENSE",NA,NA,NA,NA,"no","4.0.4"
"xaringanthemer","xaringanthemer","/usr/local/lib/R/4.0/site-library","0.3.3",NA,"R (>= 2.10)","colorspace, glue, methods, purrr, utils, whisker",NA,"callr, ggplot2, knitr, rmarkdown, scales, showtext, sysfonts,
testthat (>= 2.1.0), xaringan",NA,"MIT + file LICENSE",NA,NA,NA,NA,"no","4.0.4"
"xfun","xfun","/usr/local/lib/R/4.0/site-library","0.22",NA,NA,"stats, tools",NA,"testit, parallel, codetools, rstudioapi, tinytex (>= 0.30),
mime, markdown, knitr, htmltools, remotes, pak, rmarkdown",NA,"MIT + file LICENSE",NA,NA,NA,NA,"yes","4.0.2"
"xml2","xml2","/usr/local/lib/R/4.0/site-library","1.3.2",NA,"R (>= 3.1.0)","methods",NA,"covr, curl, httr, knitr, magrittr, mockery, rmarkdown,
testthat (>= 2.1.0)",NA,"GPL (>= 2)",NA,NA,NA,NA,"yes","4.0.4"
"xmlparsedata","xmlparsedata","/usr/local/lib/R/4.0/site-library","1.0.5",NA,"R (>= 3.0.0)",NA,NA,"covr, testthat, xml2",NA,"MIT + file LICENSE",NA,NA,NA,NA,"no","4.0.4"
"xopen","xopen","/usr/local/lib/R/4.0/site-library","1.0.0",NA,"R (>= 3.1)","processx",NA,"ps, testthat",NA,"MIT + file LICENSE",NA,NA,NA,NA,"no","4.0.4"
"yaml","yaml","/usr/local/lib/R/4.0/site-library","2.2.1",NA,NA,NA,NA,"RUnit",NA,"BSD_3_clause + file LICENSE",NA,NA,NA,NA,"yes","4.0.2"
"zip","zip","/usr/local/lib/R/4.0/site-library","2.1.1",NA,NA,NA,NA,"covr, processx, R6, testthat, withr",NA,"CC0",NA,NA,NA,NA,"yes","4.0.4"
"base","base","/usr/local/Cellar/r/4.0.5/lib/R/library","4.0.5","base",NA,NA,NA,"methods",NA,"Part of R 4.0.5",NA,NA,NA,NA,NA,"4.0.5"
"boot","boot","/usr/local/Cellar/r/4.0.5/lib/R/library","1.3-27","recommended","R (>= 3.0.0), graphics, stats",NA,NA,"MASS, survival",NA,"Unlimited",NA,NA,NA,NA,"no","4.0.5"
"class","class","/usr/local/Cellar/r/4.0.5/lib/R/library","7.3-18","recommended","R (>= 3.0.0), stats, utils","MASS",NA,NA,NA,"GPL-2 | GPL-3",NA,NA,NA,NA,"yes","4.0.5"
"cluster","cluster","/usr/local/Cellar/r/4.0.5/lib/R/library","2.1.1","recommended","R (>= 3.4.0)","graphics, grDevices, stats, utils",NA,"MASS, Matrix",NA,"GPL (>= 2)",NA,NA,NA,NA,"yes","4.0.5"
"codetools","codetools","/usr/local/Cellar/r/4.0.5/lib/R/library","0.2-18","recommended","R (>= 2.1)",NA,NA,NA,NA,"GPL",NA,NA,NA,NA,"no","4.0.5"
"compiler","compiler","/usr/local/Cellar/r/4.0.5/lib/R/library","4.0.5","base",NA,NA,NA,NA,NA,"Part of R 4.0.5",NA,NA,NA,NA,NA,"4.0.5"
"datasets","datasets","/usr/local/Cellar/r/4.0.5/lib/R/library","4.0.5","base",NA,NA,NA,NA,NA,"Part of R 4.0.5",NA,NA,NA,NA,NA,"4.0.5"
"foreign","foreign","/usr/local/Cellar/r/4.0.5/lib/R/library","0.8-81","recommended","R (>= 4.0.0)","methods, utils, stats",NA,NA,NA,"GPL (>= 2)",NA,NA,NA,NA,"yes","4.0.5"
"graphics","graphics","/usr/local/Cellar/r/4.0.5/lib/R/library","4.0.5","base",NA,"grDevices",NA,NA,NA,"Part of R 4.0.5",NA,NA,NA,NA,"yes","4.0.5"
"grDevices","grDevices","/usr/local/Cellar/r/4.0.5/lib/R/library","4.0.5","base",NA,NA,NA,"KernSmooth",NA,"Part of R 4.0.5",NA,NA,NA,NA,"yes","4.0.5"
"grid","grid","/usr/local/Cellar/r/4.0.5/lib/R/library","4.0.5","base",NA,"grDevices, utils",NA,"lattice",NA,"Part of R 4.0.5",NA,NA,NA,NA,"yes","4.0.5"
"KernSmooth","KernSmooth","/usr/local/Cellar/r/4.0.5/lib/R/library","2.23-18","recommended","R (>= 2.5.0), stats",NA,NA,"MASS",NA,"Unlimited",NA,NA,NA,NA,"yes","4.0.5"
"lattice","lattice","/usr/local/Cellar/r/4.0.5/lib/R/library","0.20-41","recommended","R (>= 3.0.0)","grid, grDevices, graphics, stats, utils",NA,"KernSmooth, MASS, latticeExtra","chron","GPL (>= 2)",NA,NA,NA,NA,"yes","4.0.5"
"MASS","MASS","/usr/local/Cellar/r/4.0.5/lib/R/library","7.3-53.1","recommended","R (>= 3.1.0), grDevices, graphics, stats, utils","methods",NA,"lattice, nlme, nnet, survival",NA,"GPL-2 | GPL-3",NA,NA,NA,NA,"yes","4.0.5"
"Matrix","Matrix","/usr/local/Cellar/r/4.0.5/lib/R/library","1.3-2","recommended","R (>= 3.6.0)","methods, graphics, grid, stats, utils, lattice",NA,"expm, MASS","MatrixModels, graph, SparseM, sfsmisc, igraph, maptools, sp,
spdep","GPL (>= 2) | file LICENCE",NA,NA,NA,NA,"yes","4.0.5"
"methods","methods","/usr/local/Cellar/r/4.0.5/lib/R/library","4.0.5","base",NA,"utils, stats",NA,"codetools",NA,"Part of R 4.0.5",NA,NA,NA,NA,"yes","4.0.5"
"mgcv","mgcv","/usr/local/Cellar/r/4.0.5/lib/R/library","1.8-34","recommended","R (>= 3.6.0), nlme (>= 3.1-64)","methods, stats, graphics, Matrix, splines, utils",NA,"parallel, survival, MASS",NA,"GPL (>= 2)",NA,NA,NA,NA,"yes","4.0.5"
"nlme","nlme","/usr/local/Cellar/r/4.0.5/lib/R/library","3.1-152","recommended","R (>= 3.4.0)","graphics, stats, utils, lattice",NA,"Hmisc, MASS",NA,"GPL (>= 2) | file LICENCE",NA,NA,NA,NA,"yes","4.0.5"
"nnet","nnet","/usr/local/Cellar/r/4.0.5/lib/R/library","7.3-15","recommended","R (>= 3.0.0), stats, utils",NA,NA,"MASS",NA,"GPL-2 | GPL-3",NA,NA,NA,NA,"yes","4.0.5"
"parallel","parallel","/usr/local/Cellar/r/4.0.5/lib/R/library","4.0.5","base",NA,"tools, compiler",NA,"methods","snow, nws, Rmpi","Part of R 4.0.5",NA,NA,NA,NA,"yes","4.0.5"
"rpart","rpart","/usr/local/Cellar/r/4.0.5/lib/R/library","4.1-15","recommended","R (>= 2.15.0), graphics, stats, grDevices",NA,NA,"survival",NA,"GPL-2 | GPL-3",NA,NA,NA,NA,"yes","4.0.5"
"spatial","spatial","/usr/local/Cellar/r/4.0.5/lib/R/library","7.3-13","recommended","R (>= 3.0.0), graphics, stats, utils",NA,NA,"MASS",NA,"GPL-2 | GPL-3",NA,NA,NA,NA,"yes","4.0.5"
"splines","splines","/usr/local/Cellar/r/4.0.5/lib/R/library","4.0.5","base",NA,"graphics, stats",NA,"Matrix, methods",NA,"Part of R 4.0.5",NA,NA,NA,NA,"yes","4.0.5"
"stats","stats","/usr/local/Cellar/r/4.0.5/lib/R/library","4.0.5","base",NA,"utils, grDevices, graphics",NA,"MASS, Matrix, SuppDists, methods, stats4",NA,"Part of R 4.0.5",NA,NA,NA,NA,"yes","4.0.5"
"stats4","stats4","/usr/local/Cellar/r/4.0.5/lib/R/library","4.0.5","base",NA,"graphics, methods, stats",NA,NA,NA,"Part of R 4.0.5",NA,NA,NA,NA,NA,"4.0.5"
"survival","survival","/usr/local/Cellar/r/4.0.5/lib/R/library","3.2-10","recommended","R (>= 3.5.0)","graphics, Matrix, methods, splines, stats, utils",NA,NA,NA,"LGPL (>= 2)",NA,NA,NA,NA,"yes","4.0.5"
"tcltk","tcltk","/usr/local/Cellar/r/4.0.5/lib/R/library","4.0.5","base",NA,"utils",NA,NA,NA,"Part of R 4.0.5",NA,NA,NA,NA,"yes","4.0.5"
"tools","tools","/usr/local/Cellar/r/4.0.5/lib/R/library","4.0.5","base",NA,NA,NA,"codetools, methods, xml2, curl, commonmark",NA,"Part of R 4.0.5",NA,NA,NA,NA,"yes","4.0.5"
"utils","utils","/usr/local/Cellar/r/4.0.5/lib/R/library","4.0.5","base",NA,NA,NA,"methods, xml2, commonmark",NA,"Part of R 4.0.5",NA,NA,NA,NA,"yes","4.0.5"
